012122,北海道,留萌市,2116909400
012131,北海道,苫小牧市,1834444220
012149,北海道,稚内市,1949194000
012157,北海道,美唄市,2367817143
012165,北海道,芦別市,214175050
012173,北海道,江別市,367606917
012181,北海道,赤平市,1457178990
012190,北海道,紋別市,19213000755
012203,北海道,士別市,72198385
012211,北海道,名寄市,63682000
012220,北海道,三笠市,1653416000
012238,北海道,根室市,12554070247
012246,北海道,千歳市,5998070549
012254,北海道,滝川市,709549700
012262,北海道,砂川市,1218030500
012271,北海道,歌志内市,12317000
012289,北海道,深川市,633717800
012297,北海道,富良野市,1710781000
012301,北海道,登別市,1041623700
012319,北海道,恵庭市,2336736602
012335,北海道,伊達市,246320500
012343,北海道,北広島市,329666862
012351,北海道,石狩市,1522946533
012360,北海道,北斗市,187150000
013030,北海道,当別町,2042140600
013048,北海道,新篠津村,265560000
013315,北海道,松前町,30348000
013323,北海道,福島町,49916000
013331,北海道,知内町,494312844
013340,北海道,木古内町,55623200
013374,北海道,七飯町,98903000
013439,北海道,鹿部町,1136549961
013455,北海道,森町,2689938600
013463,北海道,八雲町,3448147000
013471,北海道,長万部町,560091800
013617,北海道,江差町,218374500
013625,北海道,上ノ国町,44002000
013633,北海道,厚沢部町,15884666
013641,北海道,乙部町,79285000
013676,北海道,奥尻町,57476900
013706,北海道,今金町,18728000
013714,北海道,せたな町,412333000
013919,北海道,島牧村,5584000
013927,北海道,寿都町,2016034000
013935,北海道,黒松内町,241493317
013943,北海道,蘭越町,60092000
013951,北海道,ニセコ町,54601248
013960,北海道,真狩村,28044000
013978,北海道,留寿都村,222922700
013986,北海道,喜茂別町,34644000
013994,北海道,京極町,111720000
014001,北海道,倶知安町,1612587540
014010,北海道,共和町,55103900
014028,北海道,岩内町,201785360
014036,北海道,泊村,5558000
014044,北海道,神恵内村,7097000
014052,北海道,積丹町,42896000
014061,北海道,古平町,423283500
014079,北海道,仁木町,395896500
014087,北海道,余市町,885879044
014095,北海道,赤井川村,356810900
014231,北海道,南幌町,184702400
014249,北海道,奈井江町,68211000
014257,北海道,上砂川町,10340000
014273,北海道,由仁町,149623240
014281,北海道,長沼町,225129750
014290,北海道,栗山町,258642000
014303,北海道,月形町,279298000
014311,北海道,浦臼町,41283000
014320,北海道,新十津川町,60588000
014338,北海道,妹背牛町,315770000
014346,北海道,秩父別町,1021628000
014362,北海道,雨竜町,162734200
014371,北海道,北竜町,439777000
014389,北海道,沼田町,390141398
014524,北海道,鷹栖町,90619500
014532,北海道,東神楽町,366960000
014541,北海道,当麻町,564202628
014559,北海道,比布町,44958700
014567,北海道,愛別町,22238000
014575,北海道,上川町,75275700
014583,北海道,東川町,1711892000
014591,北海道,美瑛町,306978810
014605,北海道,上富良野町,487008500
014613,北海道,中富良野町,236411000
014621,北海道,南富良野町,91797000
014630,北海道,占冠村,91565000
014648,北海道,和寒町,36948000
014656,北海道,剣淵町,15667000
014681,北海道,下川町,44765400
014699,北海道,美深町,80391000
014702,北海道,音威子府村,27519000
014711,北海道,中川町,9520500
014729,北海道,幌加内町,95230000
014818,北海道,増毛町,549795000
014826,北海道,小平町,8027000
014834,北海道,苫前町,28666000
014842,北海道,羽幌町,195572809
014851,北海道,初山別村,2470000
014869,北海道,遠別町,41740400
014877,北海道,天塩町,129307900
015113,北海道,猿払村,254952000
015121,北海道,浜頓別町,144194400
015130,北海道,中頓別町,21060500
015148,北海道,枝幸町,1359681549
015164,北海道,豊富町,196647447
015172,北海道,礼文町,505536135
015181,北海道,利尻町,233297000
015199,北海道,利尻富士町,627976500
015202,北海道,幌延町,11477427
015431,北海道,美幌町,423167000
015440,北海道,津別町,89109000
015458,北海道,斜里町,316432700
015466,北海道,清里町,15122000
015474,北海道,小清水町,44317000
015491,北海道,訓子府町,36868000
015504,北海道,置戸町,12787000
015521,北海道,佐呂間町,253137100
015555,北海道,遠軽町,117008000
015598,北海道,湧別町,124216300
015601,北海道,滝上町,11918000
015610,北海道,興部町,720416440
015628,北海道,西興部村,7993000
015636,北海道,雄武町,614769000
015644,北海道,大空町,129932500
015717,北海道,豊浦町,163675000
015750,北海道,壮瞥町,98405537
015784,北海道,白老町,1214179469
015814,北海道,厚真町,404425599
015849,北海道,洞爺湖町,232354300
015857,北海道,安平町,513707268
015865,北海道,むかわ町,73732000
016012,北海道,日高町,146846000
016021,北海道,平取町,143519500
016047,北海道,新冠町,327680000
016071,北海道,浦河町,375815422
016080,北海道,様似町,399215000
016098,北海道,えりも町,421665000
016101,北海道,新ひだか町,503028000
016314,北海道,音更町,625428229
016322,北海道,士幌町,517669000
016331,北海道,上士幌町,1471951000
016349,北海道,鹿追町,100952720
016357,北海道,新得町,49471990
016365,北海道,清水町,272782500
016373,北海道,芽室町,451934600
016381,北海道,中札内村,761515151
016390,北海道,更別村,423819500
016411,北海道,大樹町,180917740
016420,北海道,広尾町,71675000
016438,北海道,幕別町,199191000
016446,北海道,池田町,917396394
016454,北海道,豊頃町,31617600
016462,北海道,本別町,115488774
016471,北海道,足寄町,79277000
016489,北海道,陸別町,11408400
016497,北海道,浦幌町,110306000
016616,北海道,釧路町,1084875301
016624,北海道,厚岸町,1206820100
016632,北海道,浜中町,1314586000
016641,北海道,標茶町,226819898
016659,北海道,弟子屈町,7045014100
016675,北海道,鶴居村,113370000
016683,北海道,白糠町,16778420450
016918,北海道,別海町,13902660779
016926,北海道,中標津町,112679800
016934,北海道,標津町,196592000
016942,北海道,羅臼町,913266306
020001,青森県,0,207914142
022012,青森県,青森市,1071788977
022021,青森県,弘前市,1337029651
022039,青森県,八戸市,154923500
022047,青森県,黒石市,462742000
022055,青森県,五所川原市,1010170500
022063,青森県,十和田市,115847400
022071,青森県,三沢市,15588000
022080,青森県,むつ市,133569412
022098,青森県,つがる市,149490000
022101,青森県,平川市,302080000
023019,青森県,平内町,67567000
023035,青森県,今別町,8210000
023043,青森県,蓬田村,83574000
023078,青森県,外ヶ浜町,10891980
023213,青森県,鰺ヶ沢町,287094400
023230,青森県,深浦町,52402000
023434,青森県,西目屋村,33041000
023612,青森県,藤崎町,246014000
023621,青森県,大鰐町,18942000
023671,青森県,田舎館村,20395000
023817,青森県,板柳町,193426000
023841,青森県,鶴田町,101555179
023876,青森県,中泊町,49386000
024015,青森県,野辺地町,6341435
024023,青森県,七戸町,76525000
024058,青森県,六戸町,42745000
024066,青森県,横浜町,5290000
024082,青森県,東北町,27693829
024112,青森県,六ヶ所村,17150000
024121,青森県,おいらせ町,22856000
024236,青森県,大間町,5360000
024244,青森県,東通村,67094750
024252,青森県,風間浦村,8847000
024261,青森県,佐井村,13586000
024414,青森県,三戸町,282788985
024422,青森県,五戸町,155453000
024431,青森県,田子町,71746000
024457,青森県,南部町,431225000
024465,青森県,階上町,11156000
024503,青森県,新郷村,39500000
030007,岩手県,新郷村,244189192
032018,岩手県,盛岡市,219867237
032026,岩手県,宮古市,1059583000
032034,岩手県,大船渡市,507483994
032051,岩手県,花巻市,9060330309
032069,岩手県,北上市,1364459017
032077,岩手県,久慈市,296255000
032085,岩手県,遠野市,512130000
032093,岩手県,一関市,1461840700
032107,岩手県,陸前高田市,1021889377
032115,岩手県,釜石市,886332800
032131,岩手県,二戸市,150533000
032140,岩手県,八幡平市,200640627
032158,岩手県,奥州市,2192207480
032166,岩手県,滝沢市,93118000
033014,岩手県,雫石町,453734000
033022,岩手県,葛巻町,17585000
033031,岩手県,岩手町,44605000
033219,岩手県,紫波町,323857510
033227,岩手県,矢巾町,382695100
033669,岩手県,西和賀町,138395644
033812,岩手県,金ケ崎町,206171644
034029,岩手県,平泉町,36335700
034410,岩手県,住田町,22486028
034614,岩手県,大槌町,960115328
034827,岩手県,山田町,310007099
034835,岩手県,岩泉町,330355500
034843,岩手県,田野畑村,13552000
034851,岩手県,普代村,511723800
035017,岩手県,軽米町,29538000
035033,岩手県,野田村,20221500
035068,岩手県,九戸村,14012000
035076,岩手県,洋野町,76773000
035246,岩手県,一戸町,163733000
040002,宮城県,0,574721076
041009,宮城県,仙台市,437082662
042021,宮城県,石巻市,1357130649
042030,宮城県,塩竈市,511469000
042056,宮城県,気仙沼市,9489063024
042064,宮城県,白石市,524361200
042072,宮城県,名取市,249182809
042081,宮城県,角田市,3952679000
042099,宮城県,多賀城市,223879656
042111,宮城県,岩沼市,601999479
042129,宮城県,登米市,633652600
042137,宮城県,栗原市,77340000
042145,宮城県,東松島市,629437397
042153,宮城県,大崎市,1194846047
042161,宮城県,富谷市,253721500
043010,宮城県,蔵王町,353923000
043028,宮城県,七ヶ宿町,343000
043214,宮城県,大河原町,2496035000
043222,宮城県,村田町,202958541
043231,宮城県,柴田町,750872500
043249,宮城県,川崎町,106333000
043419,宮城県,丸森町,171265000
043613,宮城県,亘理町,179558000
043621,宮城県,山元町,93214968
044016,宮城県,松島町,59402000
044041,宮城県,七ヶ浜町,16917000
044067,宮城県,利府町,722601130
044211,宮城県,大和町,77399000
044229,宮城県,大郷町,26259000
044245,宮城県,大衡村,5211000
044440,宮城県,色麻町,16760000
044458,宮城県,加美町,212091000
045012,宮城県,涌谷町,28717500
045055,宮城県,美里町,21918000
045811,宮城県,女川町,29029500
046060,宮城県,南三陸町,79718879
050008,秋田県,0,28326768
052019,秋田県,秋田市,346474162
052027,秋田県,能代市,229324807
052035,秋田県,横手市,514025000
052043,秋田県,大館市,1100451700
052060,秋田県,男鹿市,357283382
052078,秋田県,湯沢市,541321200
052094,秋田県,鹿角市,381750292
052108,秋田県,由利本荘市,686107500
052116,秋田県,潟上市,126988000
052124,秋田県,大仙市,428897600
052132,秋田県,北秋田市,1427757500
052141,秋田県,にかほ市,742833565
052159,秋田県,仙北市,2588907355
053031,秋田県,小坂町,27867000
053279,秋田県,上小阿仁村,2826000
053465,秋田県,藤里町,6745030
053481,秋田県,三種町,65200272
053490,秋田県,八峰町,83424000
053619,秋田県,五城目町,36488998
053635,秋田県,八郎潟町,31163500
053660,秋田県,井川町,7865600
053686,秋田県,大潟村,107199000
054348,秋田県,美郷町,39160100
054631,秋田県,羽後町,37641000
054640,秋田県,東成瀬村,28290000
060003,山形県,0,2754027198
062014,山形県,山形市,3881979500
062022,山形県,米沢市,1509758600
062031,山形県,鶴岡市,2381040400
062049,山形県,酒田市,4369226000
062057,山形県,新庄市,1333344000
062065,山形県,寒河江市,3273018000
062073,山形県,上山市,2731145414
062081,山形県,村山市,2252206000
062090,山形県,長井市,1437574500
062103,山形県,天童市,3588948085
062111,山形県,東根市,2300782860
062120,山形県,尾花沢市,1271775500
062138,山形県,南陽市,962360700
063011,山形県,山辺町,559488745
063029,山形県,中山町,302225000
063215,山形県,河北町,1485901810
063223,山形県,西川町,351737000
063231,山形県,朝日町,119814831
063240,山形県,大江町,254580000
063410,山形県,大石田町,675130000
063614,山形県,金山町,131992000
063622,山形県,最上町,246623900
063631,山形県,舟形町,645732500
063649,山形県,真室川町,180763500
063657,山形県,大蔵村,113289500
063665,山形県,鮭川村,120716500
063673,山形県,戸沢村,116994000
063819,山形県,高畠町,429715588
063827,山形県,川西町,213205400
064017,山形県,小国町,171186000
064025,山形県,白鷹町,91028000
064033,山形県,飯豊町,141139500
064262,山形県,三川町,361224500
064289,山形県,庄内町,546167500
064611,山形県,遊佐町,1326792000
070009,福島県,0,162725181
072010,福島県,福島市,1458102800
072028,福島県,会津若松市,201329423
072036,福島県,郡山市,209615529
072044,福島県,いわき市,921481176
072052,福島県,白河市,862247075
072079,福島県,須賀川市,100608000
072087,福島県,喜多方市,115515000
072095,福島県,相馬市,7353845
072109,福島県,二本松市,147418000
072117,福島県,田村市,142357900
072125,福島県,南相馬市,186939190
072133,福島県,伊達市,386123000
072141,福島県,本宮市,747211500
073016,福島県,桑折町,213200000
073032,福島県,国見町,243332000
073083,福島県,川俣町,35892000
073229,福島県,大玉村,41504500
073423,福島県,鏡石町,26351000
073440,福島県,天栄村,100029000
073628,福島県,下郷町,4415000
073644,福島県,檜枝岐村,6362000
073679,福島県,只見町,25641319
073687,福島県,南会津町,58527000
074021,福島県,北塩原村,107479000
074055,福島県,西会津町,242086462
074071,福島県,磐梯町,624571300
074080,福島県,猪苗代町,117499229
074217,福島県,会津坂下町,515680000
074225,福島県,湯川村,104603000
074233,福島県,柳津町,17268000
074446,福島県,三島町,6605000
074454,福島県,金山町,16546500
074462,福島県,昭和村,2405000
074471,福島県,会津美里町,34720000
074616,福島県,西郷村,31956000
074641,福島県,泉崎村,7232000
074659,福島県,中島村,2982000
074667,福島県,矢吹町,10332000
074811,福島県,棚倉町,471794500
074829,福島県,矢祭町,11882222
074837,福島県,塙町,3513000
074845,福島県,鮫川村,8850000
075019,福島県,石川町,18451000
075027,福島県,玉川村,16948000
075035,福島県,平田村,469000
075043,福島県,浅川町,3144000
075051,福島県,古殿町,5099000
075213,福島県,三春町,25019000
075221,福島県,小野町,15191000
075418,福島県,広野町,2855000
075426,福島県,楢葉町,7189039
075434,福島県,富岡町,10462000
075442,福島県,川内村,10681000
075451,福島県,大熊町,11009784
075469,福島県,双葉町,53641787
075477,福島県,浪江町,31968033
075485,福島県,葛尾村,51836000
075612,福島県,新地町,10337827
075647,福島県,飯舘村,12599351
080004,茨城県,0,165669172
082015,茨城県,水戸市,336709442
082023,茨城県,日立市,2222936100
082031,茨城県,土浦市,620793320
082040,茨城県,古河市,520464869
082058,茨城県,石岡市,97126000
082074,茨城県,結城市,122885500
082082,茨城県,龍ケ崎市,253647185
082104,茨城県,下妻市,1138513500
082112,茨城県,常総市,433089002
082121,茨城県,常陸太田市,107671000
082147,茨城県,高萩市,28718000
082155,茨城県,北茨城市,135220651
082163,茨城県,笠間市,178876000
082171,茨城県,取手市,1529660302
082198,茨城県,牛久市,777193065
082201,茨城県,つくば市,195902357
082210,茨城県,ひたちなか市,359879000
082228,茨城県,鹿嶋市,151606787
082236,茨城県,潮来市,262590000
082244,茨城県,守谷市,6904678200
082252,茨城県,常陸大宮市,114436000
082261,茨城県,那珂市,43436774
082279,茨城県,筑西市,601078000
082287,茨城県,坂東市,143031000
082295,茨城県,稲敷市,541016000
082309,茨城県,かすみがうら市,102554000
082317,茨城県,桜川市,359301391
082325,茨城県,神栖市,331819000
082333,茨城県,行方市,1031759500
082341,茨城県,鉾田市,298384000
082350,茨城県,つくばみらい市,2010496757
082368,茨城県,小美玉市,504152500
083020,茨城県,茨城町,263661700
083097,茨城県,大洗町,1443739555
083101,茨城県,城里町,70561500
083411,茨城県,東海村,76562000
083640,茨城県,大子町,52071000
084425,茨城県,美浦村,217529600
084433,茨城県,阿見町,137271200
084476,茨城県,河内町,35822000
085219,茨城県,八千代町,2283494900
085421,茨城県,五霞町,242536600
085464,茨城県,境町,9938118535
085642,茨城県,利根町,32684000
090000,栃木県,0,11015000
092011,栃木県,宇都宮市,546064541
092029,栃木県,足利市,397451943
092037,栃木県,栃木市,1413125000
092045,栃木県,佐野市,2230124759
092053,栃木県,鹿沼市,645810000
092061,栃木県,日光市,1172249000
092088,栃木県,小山市,4140236000
092096,栃木県,真岡市,686254797
092100,栃木県,大田原市,182767000
092118,栃木県,矢板市,273120000
092134,栃木県,那須塩原市,630208100
092142,栃木県,さくら市,621719009
092151,栃木県,那須烏山市,14392000
092169,栃木県,下野市,18373000
093017,栃木県,上三川町,30676101
093424,栃木県,益子町,85869700
093432,栃木県,茂木町,55577000
093441,栃木県,市貝町,87262000
093459,栃木県,芳賀町,63622000
093611,栃木県,壬生町,76479000
093645,栃木県,野木町,46302216
093840,栃木県,塩谷町,15389500
093866,栃木県,高根沢町,16717000
094072,栃木県,那須町,850468800
094111,栃木県,那珂川町,32308000
100005,群馬県,0,267893600
102016,群馬県,前橋市,324737982
102024,群馬県,高崎市,278304000
102032,群馬県,桐生市,121644002
102041,群馬県,伊勢崎市,272547687
102059,群馬県,太田市,370042500
102067,群馬県,沼田市,128106000
102075,群馬県,館林市,191890290
102083,群馬県,渋川市,408766000
102091,群馬県,藤岡市,240451000
102105,群馬県,富岡市,351728000
102113,群馬県,安中市,543058000
102121,群馬県,みどり市,50532000
103446,群馬県,榛東村,212406000
103454,群馬県,吉岡町,15007000
103667,群馬県,上野村,3124000
103675,群馬県,神流町,7971000
103829,群馬県,下仁田町,86689817
103837,群馬県,南牧村,2270000
103845,群馬県,甘楽町,48169855
104213,群馬県,中之条町,221839100
104248,群馬県,長野原町,175602000
104256,群馬県,嬬恋村,172494000
104264,群馬県,草津町,940448586
104281,群馬県,高山村,10144705
104299,群馬県,東吾妻町,23012000
104434,群馬県,片品村,79393500
104442,群馬県,川場村,144756000
104485,群馬県,昭和村,888887000
104493,群馬県,みなかみ町,766853000
104647,群馬県,玉村町,95132900
105210,群馬県,板倉町,35976000
105228,群馬県,明和町,370776180
105236,群馬県,千代田町,3053887900
105244,群馬県,大泉町,82531190
105252,群馬県,邑楽町,160917800
110001,埼玉県,0,46349184
111007,埼玉県,さいたま市,636953522
112011,埼玉県,川越市,641077195
112020,埼玉県,熊谷市,51305000
112038,埼玉県,川口市,71741307
112062,埼玉県,行田市,127972500
112071,埼玉県,秩父市,195467000
112089,埼玉県,所沢市,14596375
112097,埼玉県,飯能市,206534500
112101,埼玉県,加須市,299174915
112119,埼玉県,本庄市,118991448
112127,埼玉県,東松山市,231478930
112143,埼玉県,春日部市,92991000
112151,埼玉県,狭山市,146868500
112160,埼玉県,羽生市,213031000
112178,埼玉県,鴻巣市,112598000
112186,埼玉県,深谷市,882951896
112194,埼玉県,上尾市,397418420
112216,埼玉県,草加市,582215000
112224,埼玉県,越谷市,57021660
112232,埼玉県,蕨市,17064000
112241,埼玉県,戸田市,74633000
112259,埼玉県,入間市,149083500
112275,埼玉県,朝霞市,7871000
112283,埼玉県,志木市,39120000
112291,埼玉県,和光市,12906500
112305,埼玉県,新座市,33446959
112313,埼玉県,桶川市,21061000
112321,埼玉県,久喜市,94680726
112330,埼玉県,北本市,1195889000
112348,埼玉県,八潮市,30741000
112356,埼玉県,富士見市,31824722
112372,埼玉県,三郷市,41618000
112381,埼玉県,蓮田市,22013567
112399,埼玉県,坂戸市,169518000
112402,埼玉県,幸手市,15796000
112411,埼玉県,鶴ヶ島市,280995000
112429,埼玉県,日高市,220118845
112437,埼玉県,吉川市,83743000
112453,埼玉県,ふじみ野市,34434902
112461,埼玉県,白岡市,29824500
113018,埼玉県,伊奈町,22494000
113247,埼玉県,三芳町,197560250
113263,埼玉県,毛呂山町,36355722
113271,埼玉県,越生町,14384000
113417,埼玉県,滑川町,12030000
113425,埼玉県,嵐山町,124498000
113433,埼玉県,小川町,27052000
113468,埼玉県,川島町,46079035
113476,埼玉県,吉見町,175742000
113484,埼玉県,鳩山町,14486000
113492,埼玉県,ときがわ町,7453000
113611,埼玉県,横瀬町,39082000
113620,埼玉県,皆野町,5652901
113638,埼玉県,長瀞町,27324000
113654,埼玉県,小鹿野町,36182400
113697,埼玉県,東秩父村,3771000
113816,埼玉県,美里町,64407700
113832,埼玉県,神川町,17126000
113859,埼玉県,上里町,90649000
114081,埼玉県,寄居町,15619000
114421,埼玉県,宮代町,17436050
114642,埼玉県,杉戸町,65793000
114651,埼玉県,松伏町,19935000
120006,千葉県,0,47919390
121002,千葉県,千葉市,1713148773
122025,千葉県,銚子市,703684000
122033,千葉県,市川市,32067530
122041,千葉県,船橋市,741184561
122050,千葉県,館山市,371155600
122068,千葉県,木更津市,427492200
122076,千葉県,松戸市,169484932
122084,千葉県,野田市,188049000
122106,千葉県,茂原市,154744370
122114,千葉県,成田市,444580833
122122,千葉県,佐倉市,62717294
122131,千葉県,東金市,37104000
122157,千葉県,旭市,208157254
122165,千葉県,習志野市,50005000
122173,千葉県,柏市,383403655
122181,千葉県,勝浦市,5145389300
122190,千葉県,市原市,1023799404
122203,千葉県,流山市,1087173900
122211,千葉県,八千代市,155720500
122220,千葉県,我孫子市,32008000
122238,千葉県,鴨川市,519556800
122246,千葉県,鎌ケ谷市,48754000
122254,千葉県,君津市,324114500
122262,千葉県,富津市,224620000
122271,千葉県,浦安市,1195235353
122289,千葉県,四街道市,28575000
122297,千葉県,袖ケ浦市,70647000
122301,千葉県,八街市,81364000
122319,千葉県,印西市,68068080
122327,千葉県,白井市,103542625
122335,千葉県,富里市,39791520
122343,千葉県,南房総市,416443700
122351,千葉県,匝瑳市,23043002
122360,千葉県,香取市,760582000
122378,千葉県,山武市,74475300
122386,千葉県,いすみ市,1458213300
122394,千葉県,大網白里市,867700022
123226,千葉県,酒々井町,14972000
123293,千葉県,栄町,60242000
123421,千葉県,神崎町,20592000
123471,千葉県,多古町,187745500
123498,千葉県,東庄町,15903725
124036,千葉県,九十九里町,211976300
124095,千葉県,芝山町,14999500
124109,千葉県,横芝光町,45110000
124214,千葉県,一宮町,215219000
124222,千葉県,睦沢町,158710700
124231,千葉県,長生村,416065500
124249,千葉県,白子町,249876000
124265,千葉県,長柄町,105232000
124273,千葉県,長南町,35911200
124419,千葉県,大多喜町,158851152
124435,千葉県,御宿町,34606000
124630,千葉県,鋸南町,41149000
130001,東京都,0,152465146
131016,東京都,千代田区,99455775
131024,東京都,中央区,78185775
131032,東京都,港区,528910336
131041,東京都,新宿区,463902400
131059,東京都,文京区,134326273
131067,東京都,台東区,429908588
131075,東京都,墨田区,1114449934
131083,東京都,江東区,126447580
131091,東京都,品川区,261400285
131105,東京都,目黒区,277249921
131113,東京都,大田区,49911365
131121,東京都,世田谷区,316514262
131130,東京都,渋谷区,1192603660
131148,東京都,中野区,171635913
131156,東京都,杉並区,20773893
131164,東京都,豊島区,42481100
131172,東京都,北区,17113000
131181,東京都,荒川区,78838000
131199,東京都,板橋区,89965338
131202,東京都,練馬区,68578094
131211,東京都,足立区,107145759
131229,東京都,葛飾区,72451165
131237,東京都,江戸川区,106756784
132012,東京都,八王子市,138477971
132021,東京都,立川市,23783100
132039,東京都,武蔵野市,36086000
132047,東京都,三鷹市,23259386
132055,東京都,青梅市,42689000
132063,東京都,府中市,534061825
132071,東京都,昭島市,36336553
132080,東京都,調布市,28999177
132098,東京都,町田市,256291518
132101,東京都,小金井市,18633000
132110,東京都,小平市,4583500
132128,東京都,日野市,43854875
132136,東京都,東村山市,154978764
132144,東京都,国分寺市,34677484
132152,東京都,国立市,98897433
132187,東京都,福生市,1880488
132195,東京都,狛江市,5238000
132209,東京都,東大和市,19320860
132217,東京都,清瀬市,4028000
132225,東京都,東久留米市,167962990
132233,東京都,武蔵村山市,13642400
132241,東京都,多摩市,25615000
132250,東京都,稲城市,39248871
132276,東京都,羽村市,3573954
132284,東京都,あきる野市,19393000
132292,東京都,西東京市,11557669
133035,東京都,瑞穂町,7919000
133051,東京都,日の出町,1090000
133078,東京都,檜原村,2351000
133086,東京都,奥多摩町,11735000
133612,東京都,大島町,4572000
133621,東京都,利島村,2512000
133639,東京都,新島村,5744000
133647,東京都,神津島村,6537410
133817,東京都,三宅村,1620000
133825,東京都,御蔵島村,30000
134015,東京都,八丈町,7913000
134023,東京都,青ヶ島村,153000
134210,東京都,小笠原村,21942300
140007,神奈川県,小笠原村,172405673
141003,神奈川県,横浜市,1186196554
141305,神奈川県,川崎市,1605705107
141500,神奈川県,相模原市,629664891
142018,神奈川県,横須賀市,455693274
142034,神奈川県,平塚市,170961777
142042,神奈川県,鎌倉市,2051968259
142051,神奈川県,藤沢市,383507479
142069,神奈川県,小田原市,1123383000
142077,神奈川県,茅ヶ崎市,172263306
142085,神奈川県,逗子市,232606000
142107,神奈川県,三浦市,772621000
142115,神奈川県,秦野市,284282101
142123,神奈川県,厚木市,1065801709
142131,神奈川県,大和市,79098470
142140,神奈川県,伊勢原市,34823406
142158,神奈川県,海老名市,991254000
142166,神奈川県,座間市,143100367
142174,神奈川県,南足柄市,1347894000
142182,神奈川県,綾瀬市,500051000
143014,神奈川県,葉山町,61135000
143219,神奈川県,寒川町,58181000
143413,神奈川県,大磯町,38403214
143421,神奈川県,二宮町,3129000
143618,神奈川県,中井町,136313338
143626,神奈川県,大井町,28271000
143634,神奈川県,松田町,136027000
143642,神奈川県,山北町,438717000
143669,神奈川県,開成町,207401000
143821,神奈川県,箱根町,1732527000
143839,神奈川県,真鶴町,8134500
143847,神奈川県,湯河原町,608636572
144011,神奈川県,愛川町,61692000
144029,神奈川県,清川村,37400000
150002,新潟県,清川村,1217504652
151009,新潟県,新潟市,774145836
152021,新潟県,長岡市,3113015201
152048,新潟県,三条市,4412499266
152056,新潟県,柏崎市,468369500
152064,新潟県,新発田市,547068578
152081,新潟県,小千谷市,609430126
152099,新潟県,加茂市,636133950
152102,新潟県,十日町市,793968798
152111,新潟県,見附市,58912500
152129,新潟県,村上市,595232409
152137,新潟県,燕市,5428720200
152161,新潟県,糸魚川市,374235358
152170,新潟県,妙高市,280538000
152188,新潟県,五泉市,130715138
152226,新潟県,上越市,201977400
152234,新潟県,阿賀野市,528763400
152242,新潟県,佐渡市,550422104
152251,新潟県,魚沼市,2809008781
152269,新潟県,南魚沼市,5729598838
152277,新潟県,胎内市,2206665000
153079,新潟県,聖籠町,351432000
153427,新潟県,弥彦村,644596900
153613,新潟県,田上町,26852000
153851,新潟県,阿賀町,324650000
154059,新潟県,出雲崎町,15992000
154610,新潟県,湯沢町,900092834
154822,新潟県,津南町,301115244
155047,新潟県,刈羽村,1020300
155811,新潟県,関川村,45336000
155861,新潟県,粟島浦村,4257000
160008,富山県,0,261487432
162019,富山県,富山市,278727736
162027,富山県,高岡市,535965359
162043,富山県,魚津市,745631800
162051,富山県,氷見市,768937378
162060,富山県,滑川市,136397332
162078,富山県,黒部市,254795151
162086,富山県,砺波市,129144000
162094,富山県,小矢部市,69643967
162108,富山県,南砺市,113478565
162116,富山県,射水市,319884063
163210,富山県,舟橋村,28377500
163228,富山県,上市町,13686382
163236,富山県,立山町,112266606
163422,富山県,入善町,25878000
163431,富山県,朝日町,77478036
170003,石川県,0,770760912
172014,石川県,金沢市,1318642014
172022,石川県,七尾市,1015236719
172031,石川県,小松市,237907388
172049,石川県,輪島市,2104352100
172057,石川県,珠洲市,1159008532
172065,石川県,加賀市,519294143
172073,石川県,羽咋市,545974249
172090,石川県,かほく市,384424551
172103,石川県,白山市,403962000
172111,石川県,能美市,167042677
172120,石川県,野々市市,101139000
173240,石川県,川北町,5142357
173614,石川県,津幡町,42281919
173657,石川県,内灘町,63919135
173843,石川県,志賀町,283956112
173860,石川県,宝達志水町,1159883890
174076,石川県,中能登町,115973846
174611,石川県,穴水町,238986575
174637,石川県,能登町,678408116
180009,福井県,0,146027630
182010,福井県,福井市,463516328
182028,福井県,敦賀市,7985534000
182044,福井県,小浜市,251784000
182052,福井県,大野市,186537057
182061,福井県,勝山市,235582283
182079,福井県,鯖江市,1441817000
182087,福井県,あわら市,780166500
182095,福井県,越前市,1113380000
182109,福井県,坂井市,1655751166
183229,福井県,永平寺町,100205000
183822,福井県,池田町,885000
184047,福井県,南越前町,24995000
184233,福井県,越前町,1077674300
184420,福井県,美浜町,183992000
184811,福井県,高浜町,64076700
184837,福井県,おおい町,12448000
185019,福井県,若狭町,399307500
190004,山梨県,若狭町,582740000
192015,山梨県,甲府市,4121037480
192023,山梨県,富士吉田市,8809269689
192040,山梨県,都留市,910772400
192058,山梨県,山梨市,4379652380
192066,山梨県,大月市,645607000
192074,山梨県,韮崎市,927417438
192082,山梨県,南アルプス市,2750182000
192091,山梨県,北杜市,1638540000
192104,山梨県,甲斐市,1075337205
192112,山梨県,笛吹市,2891776200
192121,山梨県,上野原市,84287000
192139,山梨県,甲州市,3686676000
192147,山梨県,中央市,177351000
193461,山梨県,市川三郷町,354455480
193640,山梨県,早川町,14919000
193658,山梨県,身延町,44228000
193666,山梨県,南部町,8275000
193682,山梨県,富士川町,252770480
193844,山梨県,昭和町,428530000
194221,山梨県,道志村,54977000
194239,山梨県,西桂町,64014000
194247,山梨県,忍野村,339817100
194255,山梨県,山中湖村,581239600
194298,山梨県,鳴沢村,60960000
194301,山梨県,富士河口湖町,820409800
194425,山梨県,小菅村,18565757
194433,山梨県,丹波山村,160302900
200000,長野県,0,1050467075
202011,長野県,長野市,1191106870
202029,長野県,松本市,296173000
202037,長野県,上田市,363393200
202045,長野県,岡谷市,90032000
202053,長野県,飯田市,439536760
202061,長野県,諏訪市,252040500
202070,長野県,須坂市,3925607000
202088,長野県,小諸市,442416048
202096,長野県,伊那市,654658500
202100,長野県,駒ヶ根市,741513200
202118,長野県,中野市,2252081000
202126,長野県,大町市,162579401
202134,長野県,飯山市,630100537
202142,長野県,茅野市,341527300
202151,長野県,塩尻市,515101635
202177,長野県,佐久市,711575000
202185,長野県,千曲市,434011050
202193,長野県,東御市,494506500
202207,長野県,安曇野市,593857000
203033,長野県,小海町,14101000
203041,長野県,川上村,662000
203050,長野県,南牧村,52316000
203068,長野県,南相木村,8343500
203076,長野県,北相木村,547500
203092,長野県,佐久穂町,89731600
203211,長野県,軽井沢町,1308396110
203238,長野県,御代田町,654521000
203246,長野県,立科町,97213000
203491,長野県,青木村,11745000
203505,長野県,長和町,13202500
203611,長野県,下諏訪町,15904000
203629,長野県,富士見町,299701665
203637,長野県,原村,23102000
203823,長野県,辰野町,93080890
203831,長野県,箕輪町,661638000
203840,長野県,飯島町,96779000
203858,長野県,南箕輪村,414438000
203866,長野県,中川村,69587000
203882,長野県,宮田村,368368000
204021,長野県,松川町,241598000
204030,長野県,高森町,409916000
204048,長野県,阿南町,108195000
204072,長野県,阿智村,72508000
204099,長野県,平谷村,1180000
204102,長野県,根羽村,378427500
204111,長野県,下條村,11027500
204129,長野県,売木村,6417000
204137,長野県,天龍村,16860000
204145,長野県,泰阜村,1258000
204153,長野県,喬木村,133771100
204161,長野県,豊丘村,853813000
204170,長野県,大鹿村,5120000
204226,長野県,上松町,11385000
204234,長野県,南木曽町,25897000
204251,長野県,木祖村,17323000
204293,長野県,王滝村,17205370
204307,長野県,大桑村,175000
204323,長野県,木曽町,37303486
204463,長野県,麻績村,58838300
204480,長野県,生坂村,52157400
204501,長野県,山形村,24908000
204510,長野県,朝日村,5300500
204528,長野県,筑北村,31126000
204811,長野県,池田町,121483000
204820,長野県,松川村,49645000
204854,長野県,白馬村,560814726
204862,長野県,小谷村,140776400
205214,長野県,坂城町,143454000
205419,長野県,小布施町,869887000
205435,長野県,高山村,66926000
205613,長野県,山ノ内町,389441000
205621,長野県,木島平村,39974000
205630,長野県,野沢温泉村,190524500
205834,長野県,信濃町,78414000
205885,長野県,小川村,23696000
205907,長野県,飯綱町,1253625533
206024,長野県,栄村,33555000
210005,岐阜県,0,92036357
212016,岐阜県,岐阜市,170877636
212024,岐阜県,大垣市,699004534
212032,岐阜県,高山市,3493829800
212041,岐阜県,多治見市,302388500
212059,岐阜県,関市,5062276350
212067,岐阜県,中津川市,925050400
212075,岐阜県,美濃市,171531047
212083,岐阜県,瑞浪市,244860000
212091,岐阜県,羽島市,237130500
212105,岐阜県,恵那市,232239000
212113,岐阜県,美濃加茂市,474588000
212121,岐阜県,土岐市,572534000
212130,岐阜県,各務原市,437188500
212148,岐阜県,可児市,1327511707
212156,岐阜県,山県市,584952300
212164,岐阜県,瑞穂市,752625000
212172,岐阜県,飛騨市,2029481840
212181,岐阜県,本巣市,796024600
212199,岐阜県,郡上市,265573000
212202,岐阜県,下呂市,1024683000
212211,岐阜県,海津市,60962000
213021,岐阜県,岐南町,106979803
213039,岐阜県,笠松町,127240111
213411,岐阜県,養老町,1074951000
213616,岐阜県,垂井町,119869000
213624,岐阜県,関ケ原町,95301000
213811,岐阜県,神戸町,149722630
213829,岐阜県,輪之内町,16375000
213837,岐阜県,安八町,130562350
214019,岐阜県,揖斐川町,39224000
214035,岐阜県,大野町,66204000
214043,岐阜県,池田町,397732500
214213,岐阜県,北方町,31653000
215015,岐阜県,坂祝町,1736500
215023,岐阜県,富加町,66138000
215031,岐阜県,川辺町,236943831
215040,岐阜県,七宗町,103480000
215058,岐阜県,八百津町,357411437
215066,岐阜県,白川町,47934560
215074,岐阜県,東白川村,57508000
215210,岐阜県,御嵩町,64608500
216046,岐阜県,白川村,822803600
220001,静岡県,白川村,171476000
221007,静岡県,静岡市,1548873694
221309,静岡県,浜松市,3216705041
222038,静岡県,沼津市,4498010141
222054,静岡県,熱海市,1178443674
222062,静岡県,三島市,339628721
222071,静岡県,富士宮市,6338765200
222089,静岡県,伊東市,597613000
222097,静岡県,島田市,382349887
222101,静岡県,富士市,4315209000
222119,静岡県,磐田市,514115100
222127,静岡県,焼津市,10686983481
222135,静岡県,掛川市,826630000
222143,静岡県,藤枝市,1034357913
222151,静岡県,御殿場市,1697716920
222160,静岡県,袋井市,1289669000
222194,静岡県,下田市,440452000
222208,静岡県,裾野市,107766000
222216,静岡県,湖西市,343472000
222224,静岡県,伊豆市,1185583900
222232,静岡県,御前崎市,61872500
222241,静岡県,菊川市,94039100
222259,静岡県,伊豆の国市,450012300
222267,静岡県,牧之原市,366268000
223018,静岡県,東伊豆町,610203700
223026,静岡県,河津町,133129700
223042,静岡県,南伊豆町,256520626
223051,静岡県,松崎町,59645200
223069,静岡県,西伊豆町,799826500
223255,静岡県,函南町,50686900
223417,静岡県,清水町,32603000
223425,静岡県,長泉町,9047000
223441,静岡県,小山町,521711500
224243,静岡県,吉田町,1122463000
224294,静岡県,川根本町,28659845
224618,静岡県,森町,440410000
230006,愛知県,0,370633497
231002,愛知県,名古屋市,11709946523
232017,愛知県,豊橋市,137056542
232025,愛知県,岡崎市,301944826
232033,愛知県,一宮市,76047000
232041,愛知県,瀬戸市,182819774
232050,愛知県,半田市,77693888
232068,愛知県,春日井市,266551400
232076,愛知県,豊川市,274373377
232084,愛知県,津島市,123194000
232092,愛知県,碧南市,2733215009
232106,愛知県,刈谷市,68592990
232114,愛知県,豊田市,245465108
232122,愛知県,安城市,119238000
232131,愛知県,西尾市,2536605500
232149,愛知県,蒲郡市,1561942136
232157,愛知県,犬山市,626108000
232165,愛知県,常滑市,160254110
232173,愛知県,江南市,14973000
232190,愛知県,小牧市,1460785072
232203,愛知県,稲沢市,240934000
232211,愛知県,新城市,29332000
232220,愛知県,東海市,29800001
232238,愛知県,大府市,2326947000
232246,愛知県,知多市,164593000
232254,愛知県,知立市,58887711
232262,愛知県,尾張旭市,26951000
232271,愛知県,高浜市,64614000
232289,愛知県,岩倉市,90375130
232297,愛知県,豊明市,16388000
232301,愛知県,日進市,588126200
232319,愛知県,田原市,695099100
232327,愛知県,愛西市,131529000
232335,愛知県,清須市,187674000
232343,愛知県,北名古屋市,135631484
232351,愛知県,弥富市,7093000
232360,愛知県,みよし市,77975000
232378,愛知県,あま市,67755000
232386,愛知県,長久手市,110757000
233021,愛知県,東郷町,152599564
233421,愛知県,豊山町,597624839
233617,愛知県,大口町,97672500
233625,愛知県,扶桑町,3344000
234249,愛知県,大治町,200000
234257,愛知県,蟹江町,23471000
234273,愛知県,飛島村,443000
234419,愛知県,阿久比町,33047000
234427,愛知県,東浦町,310621265
234451,愛知県,南知多町,491643000
234460,愛知県,美浜町,89883000
234478,愛知県,武豊町,26232000
235016,愛知県,幸田町,3032878110
235610,愛知県,設楽町,11182420
235628,愛知県,東栄町,4942000
235636,愛知県,豊根村,9736000
240001,三重県,0,10439168
242012,三重県,津市,236710000
242021,三重県,四日市市,326877671
242039,三重県,伊勢市,455582222
242047,三重県,松阪市,1706393200
242055,三重県,桑名市,463595700
242071,三重県,鈴鹿市,492974500
242080,三重県,名張市,472503000
242098,三重県,尾鷲市,530459000
242101,三重県,亀山市,40960030
242110,三重県,鳥羽市,817216514
242128,三重県,熊野市,199626000
242144,三重県,いなべ市,63273050
242152,三重県,志摩市,981391400
242161,三重県,伊賀市,546648389
243035,三重県,木曽岬町,85349000
243248,三重県,東員町,3315000
243418,三重県,菰野町,12189000
243434,三重県,朝日町,10169000
243442,三重県,川越町,6040000
244414,三重県,多気町,832173872
244422,三重県,明和町,1261360609
244431,三重県,大台町,247921121
244619,三重県,玉城町,176688824
244708,三重県,度会町,84676653
244716,三重県,大紀町,185064699
244724,三重県,南伊勢町,156842000
245437,三重県,紀北町,121141367
245615,三重県,御浜町,160486000
245623,三重県,紀宝町,176399497
250007,滋賀県,0,202384917
252018,滋賀県,大津市,337315000
252026,滋賀県,彦根市,1076106678
252034,滋賀県,長浜市,411498500
252042,滋賀県,近江八幡市,5628007200
252069,滋賀県,草津市,756236000
252077,滋賀県,守山市,273103899
252085,滋賀県,栗東市,92849000
252093,滋賀県,甲賀市,300821800
252107,滋賀県,野洲市,1572125952
252115,滋賀県,湖南市,246003000
252123,滋賀県,高島市,623640000
252131,滋賀県,東近江市,1000975400
252140,滋賀県,米原市,565572000
253839,滋賀県,日野町,67596000
253847,滋賀県,竜王町,480212500
254258,滋賀県,愛荘町,88082000
254410,滋賀県,豊郷町,432842400
254428,滋賀県,甲良町,22147400
254436,滋賀県,多賀町,271601600
260002,京都府,0,261969918
261009,京都府,京都市,10005974572
262013,京都府,福知山市,297835100
262021,京都府,舞鶴市,385969585
262030,京都府,綾部市,136010000
262048,京都府,宇治市,143359600
262056,京都府,宮津市,222103300
262064,京都府,亀岡市,4206462700
262072,京都府,城陽市,140539337
262081,京都府,向日市,313410171
262099,京都府,長岡京市,304953800
262102,京都府,八幡市,3060000
262111,京都府,京田辺市,254616500
262129,京都府,京丹後市,1800423902
262137,京都府,南丹市,218710000
262145,京都府,木津川市,101631000
263036,京都府,大山崎町,43387500
263222,京都府,久御山町,124276000
263435,京都府,井手町,6262000
263443,京都府,宇治田原町,218288500
263648,京都府,笠置町,5220000
263656,京都府,和束町,4526000
263664,京都府,精華町,97160000
263672,京都府,南山城村,12297000
264075,京都府,京丹波町,357025100
264636,京都府,伊根町,20001000
264652,京都府,与謝野町,46516000
270008,大阪府,0,159821855
271004,大阪府,大阪市,997815054
271403,大阪府,堺市,1554088116
272027,大阪府,岸和田市,547783064
272035,大阪府,豊中市,322465341
272043,大阪府,池田市,194282100
272051,大阪府,吹田市,1457930957
272060,大阪府,泉大津市,675469100
272078,大阪府,高槻市,677817857
272086,大阪府,貝塚市,560679033
272094,大阪府,守口市,148988501
272108,大阪府,枚方市,224415595
272116,大阪府,茨木市,135262698
272124,大阪府,八尾市,1700236474
272132,大阪府,泉佐野市,17514090327
272141,大阪府,富田林市,106259787
272159,大阪府,寝屋川市,134619101
272167,大阪府,河内長野市,321684283
272175,大阪府,松原市,243965707
272183,大阪府,大東市,2559674384
272191,大阪府,和泉市,904946020
272205,大阪府,箕面市,222663776
272213,大阪府,柏原市,266004040
272221,大阪府,羽曳野市,143106000
272230,大阪府,門真市,1483120000
272248,大阪府,摂津市,18148000
272256,大阪府,高石市,26946000
272264,大阪府,藤井寺市,179152844
272272,大阪府,東大阪市,454455900
272281,大阪府,泉南市,1125747127
272299,大阪府,四條畷市,16127000
272302,大阪府,交野市,11095000
272311,大阪府,大阪狭山市,16811000
272329,大阪府,阪南市,246806000
273015,大阪府,島本町,343996926
273210,大阪府,豊能町,13720730
273228,大阪府,能勢町,73056000
273414,大阪府,忠岡町,191492000
273619,大阪府,熊取町,432629000
273627,大阪府,田尻町,26181100
273660,大阪府,岬町,245118000
273813,大阪府,太子町,303529000
273821,大阪府,河南町,29073000
273830,大阪府,千早赤阪村,7532000
280003,兵庫県,0,466832883
281000,兵庫県,神戸市,4194445665
282014,兵庫県,姫路市,262683000
282022,兵庫県,尼崎市,337576600
282031,兵庫県,明石市,662755600
282049,兵庫県,西宮市,187245091
282057,兵庫県,洲本市,0
282065,兵庫県,芦屋市,124717000
282073,兵庫県,伊丹市,85251600
282081,兵庫県,相生市,96738350
282090,兵庫県,豊岡市,1333617100
282103,兵庫県,加古川市,491958200
282120,兵庫県,赤穂市,331203592
282138,兵庫県,西脇市,1250833907
282146,兵庫県,宝塚市,286762423
282154,兵庫県,三木市,838523460
282162,兵庫県,高砂市,314722000
282171,兵庫県,川西市,152958300
282189,兵庫県,小野市,320629000
282197,兵庫県,三田市,155207400
282201,兵庫県,加西市,5992129700
282219,兵庫県,丹波篠山市,306092297
282227,兵庫県,養父市,228302723
282235,兵庫県,丹波市,405816000
282243,兵庫県,南あわじ市,2179355800
282251,兵庫県,朝来市,489059197
282260,兵庫県,淡路市,3705249590
282278,兵庫県,宍粟市,238480000
282286,兵庫県,加東市,517057000
282294,兵庫県,たつの市,492125000
283011,兵庫県,猪名川町,32446000
283657,兵庫県,多可町,316426500
283819,兵庫県,稲美町,271764000
283827,兵庫県,播磨町,25000
284424,兵庫県,市川町,346661500
284432,兵庫県,福崎町,88351484
284467,兵庫県,神河町,53874500
284645,兵庫県,太子町,269704200
284815,兵庫県,上郡町,137420000
285013,兵庫県,佐用町,24768000
285854,兵庫県,香美町,1257972900
285862,兵庫県,新温泉町,305622000
290009,奈良県,0,87499032
292010,奈良県,奈良市,574160033
292028,奈良県,大和高田市,177424800
292036,奈良県,大和郡山市,385970600
292044,奈良県,天理市,149737079
292052,奈良県,橿原市,115579000
292061,奈良県,桜井市,224633000
292079,奈良県,五條市,204351200
292087,奈良県,御所市,44536980
292095,奈良県,生駒市,173179203
292109,奈良県,香芝市,60104275
292117,奈良県,葛城市,90799000
292125,奈良県,宇陀市,270031481
293229,奈良県,山添村,36264000
293423,奈良県,平群町,56816000
293431,奈良県,三郷町,5737000
293440,奈良県,斑鳩町,17340000
293458,奈良県,安堵町,3844700
293610,奈良県,川西町,16227000
293628,奈良県,三宅町,49615500
293636,奈良県,田原本町,57679000
293857,奈良県,曽爾村,42517000
293865,奈良県,御杖村,9576000
294012,奈良県,高取町,73078000
294021,奈良県,明日香村,24637000
294241,奈良県,上牧町,10533000
294250,奈良県,王寺町,76029000
294268,奈良県,広陵町,114350000
294276,奈良県,河合町,31670000
294411,奈良県,吉野町,124200000
294420,奈良県,大淀町,116967000
294438,奈良県,下市町,13678000
294446,奈良県,黒滝村,16227000
294462,奈良県,天川村,5374400
294471,奈良県,野迫川村,510000
294497,奈良県,十津川村,5550000
294501,奈良県,下北山村,63312000
294519,奈良県,上北山村,14194000
294527,奈良県,川上村,8110000
294535,奈良県,東吉野村,4630000
300004,和歌山県,0,132253004
302015,和歌山県,和歌山市,2334797788
302023,和歌山県,海南市,1103464600
302031,和歌山県,橋本市,564687500
302040,和歌山県,有田市,4284879200
302058,和歌山県,御坊市,1288340000
302066,和歌山県,田辺市,199527665
302074,和歌山県,新宮市,232907298
302082,和歌山県,紀の川市,1906609160
302091,和歌山県,岩出市,7785000
303046,和歌山県,紀美野町,101001100
303411,和歌山県,かつらぎ町,314839500
303437,和歌山県,九度山町,557448000
303445,和歌山県,高野町,143569000
303615,和歌山県,湯浅町,2799117000
303623,和歌山県,広川町,260034953
303666,和歌山県,有田川町,634487600
303810,和歌山県,美浜町,1013181700
303828,和歌山県,日高町,165591000
303836,和歌山県,由良町,83201800
303909,和歌山県,印南町,283562000
303917,和歌山県,みなべ町,187010000
303925,和歌山県,日高川町,88020000
304018,和歌山県,白浜町,787482500
304042,和歌山県,上富田町,468155300
304069,和歌山県,すさみ町,321087999
304212,和歌山県,那智勝浦町,358804300
304221,和歌山県,太地町,124118000
304247,和歌山県,古座川町,84798000
304271,和歌山県,北山村,630569000
304280,和歌山県,串本町,536310333
310000,鳥取県,0,350916572
312011,鳥取県,鳥取市,750233760
312029,鳥取県,米子市,1926706000
312037,鳥取県,倉吉市,593763215
312045,鳥取県,境港市,370490331
313025,鳥取県,岩美町,77919000
313254,鳥取県,若桜町,63805000
313289,鳥取県,智頭町,9671800
313297,鳥取県,八頭町,300296000
313645,鳥取県,三朝町,83579137
313700,鳥取県,湯梨浜町,141792000
313718,鳥取県,琴浦町,257374000
313726,鳥取県,北栄町,873145022
313840,鳥取県,日吉津村,66131000
313866,鳥取県,大山町,554445000
313891,鳥取県,南部町,101279500
313904,鳥取県,伯耆町,56392270
314013,鳥取県,日南町,15505500
314021,鳥取県,日野町,44427700
314030,鳥取県,江府町,608847700
320005,島根県,0,32980018
322016,島根県,松江市,388530673
322024,島根県,浜田市,1112435630
322032,島根県,出雲市,1573746055
322041,島根県,益田市,205661000
322059,島根県,大田市,203792000
322067,島根県,安来市,535685000
322075,島根県,江津市,430017000
322091,島根県,雲南市,383813000
323438,島根県,奥出雲町,337570000
323861,島根県,飯南町,190433600
324418,島根県,川本町,18443000
324485,島根県,美郷町,39193000
324493,島根県,邑南町,138288000
325015,島根県,津和野町,77146000
325058,島根県,吉賀町,11004000
325252,島根県,海士町,249054946
325261,島根県,西ノ島町,50898000
325279,島根県,知夫村,7411937
325287,島根県,隠岐の島町,28846822
330001,岡山県,0,132486317
331007,岡山県,岡山市,446687000
332020,岡山県,倉敷市,732495511
332038,岡山県,津山市,856274800
332046,岡山県,玉野市,555053000
332054,岡山県,笠岡市,445301000
332071,岡山県,井原市,558029458
332089,岡山県,総社市,759867000
332097,岡山県,高梁市,222848913
332101,岡山県,新見市,132527000
332119,岡山県,備前市,406929600
332127,岡山県,瀬戸内市,1030002575
332135,岡山県,赤磐市,251543500
332143,岡山県,真庭市,380905000
332151,岡山県,美作市,157421000
332160,岡山県,浅口市,94885000
333468,岡山県,和気町,282450867
334235,岡山県,早島町,21673000
334456,岡山県,里庄町,519153600
334618,岡山県,矢掛町,767834000
335860,岡山県,新庄村,18044266
336068,岡山県,鏡野町,19325366
336220,岡山県,勝央町,40195000
336238,岡山県,奈義町,43584767
336432,岡山県,西粟倉村,148110000
336637,岡山県,久米南町,31091000
336661,岡山県,美咲町,112701000
336815,岡山県,吉備中央町,1115576071
340006,広島県,0,40001321
341002,広島県,広島市,298993142
342025,広島県,呉市,777139762
342033,広島県,竹原市,118801300
342041,広島県,三原市,289312000
342050,広島県,尾道市,551073000
342076,広島県,福山市,192430504
342084,広島県,府中市,254096000
342092,広島県,三次市,82685000
342106,広島県,庄原市,47641000
342114,広島県,大竹市,987142000
342122,広島県,東広島市,313563014
342131,広島県,廿日市市,424650400
342149,広島県,安芸高田市,467855092
342157,広島県,江田島市,101942000
343021,広島県,府中町,9431000
343048,広島県,海田町,70419000
343072,広島県,熊野町,222240537
343099,広島県,坂町,2041000
343684,広島県,安芸太田町,191253860
343692,広島県,北広島町,147900000
344311,広島県,大崎上島町,43781000
344621,広島県,世羅町,58802000
345458,広島県,神石高原町,661797087
350001,山口県,0,140098000
352012,山口県,下関市,1675593420
352021,山口県,宇部市,162205435
352039,山口県,山口市,507958888
352047,山口県,萩市,161089900
352063,山口県,防府市,75539874
352071,山口県,下松市,9420000
352080,山口県,岩国市,502075000
352101,山口県,光市,21543000
352110,山口県,長門市,596252000
352128,山口県,柳井市,89568000
352136,山口県,美祢市,78529857
352152,山口県,周南市,153917000
352161,山口県,山陽小野田市,120153500
353051,山口県,周防大島町,34083100
353213,山口県,和木町,106801000
353418,山口県,上関町,30173000
353434,山口県,田布施町,33235100
353442,山口県,平生町,18071200
355020,山口県,阿武町,4277000
360007,徳島県,0,79457820
362018,徳島県,徳島市,643148915
362026,徳島県,鳴門市,731750295
362034,徳島県,小松島市,262836700
362042,徳島県,阿南市,563967800
362051,徳島県,吉野川市,69089356
362069,徳島県,阿波市,162157500
362077,徳島県,美馬市,17198500
362085,徳島県,三好市,33485483
363014,徳島県,勝浦町,51750147
363022,徳島県,上勝町,15569000
363219,徳島県,佐那河内村,141104800
363413,徳島県,石井町,37513000
363421,徳島県,神山町,254950408
363685,徳島県,那賀町,141710500
363839,徳島県,牟岐町,1782000
363871,徳島県,美波町,10721350
363880,徳島県,海陽町,178655000
364011,徳島県,松茂町,72013000
364029,徳島県,北島町,29855500
364037,徳島県,藍住町,25973000
364045,徳島県,板野町,49155000
364053,徳島県,上板町,28820000
364681,徳島県,つるぎ町,12831000
364894,徳島県,東みよし町,19590000
370002,香川県,0,59848000
372013,香川県,高松市,1140190310
372021,香川県,丸亀市,319408718
372030,香川県,坂出市,528071715
372048,香川県,善通寺市,394484759
372056,香川県,観音寺市,2131618500
372064,香川県,さぬき市,672989000
372072,香川県,東かがわ市,1171474650
372081,香川県,三豊市,983606000
373222,香川県,土庄町,352655000
373249,香川県,小豆島町,870263100
373419,香川県,三木町,235129531
373648,香川県,直島町,53880000
373869,香川県,宇多津町,39178000
373877,香川県,綾川町,145198000
374032,香川県,琴平町,67846500
374041,香川県,多度津町,246509000
374067,香川県,まんのう町,124282000
380008,愛媛県,0,127093869
382019,愛媛県,松山市,1869911142
382027,愛媛県,今治市,1717098889
382035,愛媛県,宇和島市,582343000
382043,愛媛県,八幡浜市,2305113400
382051,愛媛県,新居浜市,545637133
382060,愛媛県,西条市,805365512
382078,愛媛県,大洲市,343648600
382108,愛媛県,伊予市,168603000
382132,愛媛県,四国中央市,1601077000
382141,愛媛県,西予市,493401800
382159,愛媛県,東温市,31435000
383562,愛媛県,上島町,45458500
383864,愛媛県,久万高原町,25805533
384011,愛媛県,松前町,12213500
384020,愛媛県,砥部町,95290000
384224,愛媛県,内子町,24673000
384429,愛媛県,伊方町,103181000
384844,愛媛県,松野町,10472000
384887,愛媛県,鬼北町,70302000
385069,愛媛県,愛南町,1761532100
390003,高知県,0,167616832
392014,高知県,高知市,846587500
392022,高知県,室戸市,1939173859
392031,高知県,安芸市,163931004
392049,高知県,南国市,309502100
392057,高知県,土佐市,768812000
392065,高知県,須崎市,3408927635
392081,高知県,宿毛市,695329500
392090,高知県,土佐清水市,184168100
392103,高知県,四万十市,600932100
392111,高知県,香南市,344098100
392120,高知県,香美市,126476500
393011,高知県,東洋町,105704400
393029,高知県,奈半利町,12488000
393037,高知県,田野町,355559202
393045,高知県,安田町,38103500
393053,高知県,北川村,31098000
393061,高知県,馬路村,263903800
393070,高知県,芸西村,2144572913
393410,高知県,本山町,26737500
393444,高知県,大豊町,4607640
393631,高知県,土佐町,39821500
393649,高知県,大川村,10465000
393860,高知県,いの町,311951000
393878,高知県,仁淀川町,18089500
394017,高知県,中土佐町,88751500
394025,高知県,佐川町,316683500
394033,高知県,越知町,147046000
394050,高知県,梼原町,9343000
394106,高知県,日高村,421686500
394114,高知県,津野町,17587000
394122,高知県,四万十町,984588744
394246,高知県,大月町,213121000
394271,高知県,三原村,9848000
394289,高知県,黒潮町,906423000
400009,福岡県,黒潮町,224643057
401005,福岡県,北九州市,2283397750
401307,福岡県,福岡市,1928907866
402028,福岡県,大牟田市,222125000
402036,福岡県,久留米市,1784201129
402044,福岡県,直方市,1053337600
402052,福岡県,飯塚市,10512727800
402061,福岡県,田川市,897838000
402079,福岡県,柳川市,727233204
402109,福岡県,八女市,1488312000
402117,福岡県,筑後市,414114000
402125,福岡県,大川市,1738485600
402133,福岡県,行橋市,344790500
402141,福岡県,豊前市,367792000
402150,福岡県,中間市,404121000
402168,福岡県,小郡市,525834000
402176,福岡県,筑紫野市,513895472
402184,福岡県,春日市,330244000
402192,福岡県,大野城市,2022805000
402206,福岡県,宗像市,1393177299
402214,福岡県,太宰府市,1810882500
402231,福岡県,古賀市,1190383187
402249,福岡県,福津市,522660000
402257,福岡県,うきは市,444648790
402265,福岡県,宮若市,319917110
402273,福岡県,嘉麻市,507860000
402281,福岡県,朝倉市,2417736630
402290,福岡県,みやま市,154317000
402303,福岡県,糸島市,2494539000
402311,福岡県,那珂川市,503558000
403415,福岡県,宇美町,359613800
403423,福岡県,篠栗町,150829650
403431,福岡県,志免町,346404000
403440,福岡県,須恵町,531672500
403458,福岡県,新宮町,4879795868
403482,福岡県,久山町,652429000
403491,福岡県,粕屋町,1121899000
403814,福岡県,芦屋町,44359500
403822,福岡県,水巻町,95148000
403831,福岡県,岡垣町,396336000
403849,福岡県,遠賀町,679827200
404012,福岡県,小竹町,439656062
404021,福岡県,鞍手町,720781600
404217,福岡県,桂川町,53650888
404471,福岡県,筑前町,150525000
404489,福岡県,東峰村,323605000
405035,福岡県,大刀洗町,1168577711
405221,福岡県,大木町,751725200
405442,福岡県,広川町,93158000
406015,福岡県,香春町,179027000
406023,福岡県,添田町,78233000
406040,福岡県,糸田町,39753000
406058,福岡県,川崎町,751681697
406082,福岡県,大任町,79384000
406091,福岡県,赤村,1532356000
406104,福岡県,福智町,5583412947
406210,福岡県,苅田町,98294000
406252,福岡県,みやこ町,57748750
406422,福岡県,吉富町,40742500
406465,福岡県,上毛町,346989500
406473,福岡県,築上町,212072000
410004,佐賀県,0,994633109
412015,佐賀県,佐賀市,1257157377
412023,佐賀県,唐津市,5400404615
412031,佐賀県,鳥栖市,547220400
412040,佐賀県,多久市,1453194000
412058,佐賀県,伊万里市,2401521640
412066,佐賀県,武雄市,281573000
412074,佐賀県,鹿島市,1072495229
412082,佐賀県,小城市,1096838200
412091,佐賀県,嬉野市,2384696500
412104,佐賀県,神埼市,1860029205
413275,佐賀県,吉野ヶ里町,3665489416
413411,佐賀県,基山町,904066000
413453,佐賀県,上峰町,7543130150
413461,佐賀県,みやき町,2967532401
413879,佐賀県,玄海町,1562494000
414018,佐賀県,有田町,1259555000
414239,佐賀県,大町町,832646520
414247,佐賀県,江北町,972942600
414255,佐賀県,白石町,1423062000
414417,佐賀県,太良町,627521000
420000,長崎県,0,594669685
422011,長崎県,長崎市,1675228177
422029,長崎県,佐世保市,2309677611
422037,長崎県,島原市,997003586
422045,長崎県,諫早市,406825000
422053,長崎県,大村市,450694464
422070,長崎県,平戸市,779099500
422088,長崎県,松浦市,1175909576
422096,長崎県,対馬市,308039000
422100,長崎県,壱岐市,877643200
422118,長崎県,五島市,713107764
422126,長崎県,西海市,942003000
422134,長崎県,雲仙市,990810100
422142,長崎県,南島原市,1074016573
423076,長崎県,長与町,235695001
423084,長崎県,時津町,495376000
423211,長崎県,東彼杵町,388206000
423220,長崎県,川棚町,141955021
423238,長崎県,波佐見町,1843956375
423831,長崎県,小値賀町,56362261
423912,長崎県,佐々町,56009000
424111,長崎県,新上五島町,199049000
430005,熊本県,新上五島町,745493382
431001,熊本県,熊本市,877771606
432024,熊本県,八代市,2102821677
432032,熊本県,人吉市,416089566
432041,熊本県,荒尾市,653389000
432059,熊本県,水俣市,188748100
432067,熊本県,玉名市,846354905
432083,熊本県,山鹿市,715058078
432105,熊本県,菊池市,374164000
432113,熊本県,宇土市,803618617
432121,熊本県,上天草市,591546100
432130,熊本県,宇城市,566541851
432148,熊本県,阿蘇市,270334638
432156,熊本県,天草市,2111599000
432164,熊本県,合志市,200460500
433489,熊本県,美里町,59177167
433641,熊本県,玉東町,958950000
433675,熊本県,南関町,147664100
433683,熊本県,長洲町,645498500
433691,熊本県,和水町,765124000
434035,熊本県,大津町,635819000
434043,熊本県,菊陽町,286716800
434230,熊本県,南小国町,1176316800
434248,熊本県,小国町,243658136
434256,熊本県,産山村,46496000
434281,熊本県,高森町,2147929800
434329,熊本県,西原村,415020483
434337,熊本県,南阿蘇村,396219654
434418,熊本県,御船町,2181951840
434426,熊本県,嘉島町,408439900
434434,熊本県,益城町,1413101633
434442,熊本県,甲佐町,2879543500
434477,熊本県,山都町,435392300
434680,熊本県,氷川町,778143000
434825,熊本県,芦北町,130214905
434841,熊本県,津奈木町,183740500
435015,熊本県,錦町,353367700
435058,熊本県,多良木町,194352750
435066,熊本県,湯前町,81122000
435074,熊本県,水上村,971281800
435104,熊本県,相良村,93475000
435112,熊本県,五木村,23845000
435121,熊本県,山江村,113755501
435139,熊本県,球磨村,55279290
435147,熊本県,あさぎり町,108733000
435317,熊本県,苓北町,93659000
440001,大分県,0,76341080
442011,大分県,大分市,1064716250
442020,大分県,別府市,976464724
442038,大分県,中津市,255056000
442046,大分県,日田市,467639500
442054,大分県,佐伯市,969729500
442062,大分県,臼杵市,628514000
442071,大分県,津久見市,143615700
442089,大分県,竹田市,462742500
442097,大分県,豊後高田市,341519000
442101,大分県,杵築市,924938000
442119,大分県,宇佐市,669798000
442127,大分県,豊後大野市,155361000
442135,大分県,由布市,857066299
442143,大分県,国東市,2058892765
443221,大分県,姫島村,17395000
443417,大分県,日出町,897384830
444618,大分県,九重町,220357000
444626,大分県,玖珠町,245930000
450006,宮崎県,0,114883900
452017,宮崎県,宮崎市,8192008536
452025,宮崎県,都城市,19384043599
452033,宮崎県,延岡市,1509483889
452041,宮崎県,日南市,2783917073
452050,宮崎県,小林市,1268269416
452068,宮崎県,日向市,676149200
452076,宮崎県,串間市,1987162883
452084,宮崎県,西都市,3284551000
452092,宮崎県,えびの市,397801000
453412,宮崎県,三股町,196110000
453617,宮崎県,高原町,587243900
453820,宮崎県,国富町,646266000
453838,宮崎県,綾町,539943000
454010,宮崎県,高鍋町,831120258
454028,宮崎県,新富町,1780155000
454036,宮崎県,西米良村,7506000
454044,宮崎県,木城町,489188420
454052,宮崎県,川南町,5404528000
454061,宮崎県,都農町,640000
454214,宮崎県,門川町,777340000
454290,宮崎県,諸塚村,5079000
454303,宮崎県,椎葉村,129147500
454311,宮崎県,美郷町,449654800
454419,宮崎県,高千穂町,177153500
454427,宮崎県,日之影町,79318000
454435,宮崎県,五ヶ瀬町,313775000
460001,鹿児島県,0,33003497
462012,鹿児島県,鹿児島市,1350929276
462039,鹿児島県,鹿屋市,3514044650
462047,鹿児島県,枕崎市,1203390500
462063,鹿児島県,阿久根市,578677365
462080,鹿児島県,出水市,588414200
462101,鹿児島県,指宿市,1674455000
462136,鹿児島県,西之表市,197899500
462144,鹿児島県,垂水市,1446635000
462152,鹿児島県,薩摩川内市,558356256
462161,鹿児島県,日置市,1537288904
462179,鹿児島県,曽於市,1707153560
462187,鹿児島県,霧島市,1672801494
462195,鹿児島県,いちき串木野市,1816518000
462209,鹿児島県,南さつま市,6315134151
462217,鹿児島県,志布志市,6765194141
462225,鹿児島県,奄美市,305732630
462233,鹿児島県,南九州市,2493336400
462241,鹿児島県,伊佐市,637033096
462250,鹿児島県,姶良市,516009000
463035,鹿児島県,三島村,12087000
463043,鹿児島県,十島村,9334000
463922,鹿児島県,さつま町,272411500
464040,鹿児島県,長島町,648317443
464520,鹿児島県,湧水町,255309000
464686,鹿児島県,大崎町,4466506100
464821,鹿児島県,東串良町,1191133200
464902,鹿児島県,錦江町,268496800
464911,鹿児島県,南大隅町,77160500
464929,鹿児島県,肝付町,286610000
465011,鹿児島県,中種子町,59177000
465020,鹿児島県,南種子町,49694000
465054,鹿児島県,屋久島町,535091400
465232,鹿児島県,大和村,16277500
465241,鹿児島県,宇検村,27398901
465259,鹿児島県,瀬戸内町,144853000
465275,鹿児島県,龍郷町,102473000
465291,鹿児島県,喜界町,163059000
465305,鹿児島県,徳之島町,429094500
465313,鹿児島県,天城町,90230000
465321,鹿児島県,伊仙町,83750785
465330,鹿児島県,和泊町,85049200
465348,鹿児島県,知名町,55561300
465356,鹿児島県,与論町,87967000
470007,沖縄県,0,24388110
472018,沖縄県,那覇市,873544200
472051,沖縄県,宜野湾市,70339000
472077,沖縄県,石垣市,1540878247
472085,沖縄県,浦添市,781220000
472093,沖縄県,名護市,533251000
472107,沖縄県,糸満市,600670285
472115,沖縄県,沖縄市,87750600
472123,沖縄県,豊見城市,565753000
472131,沖縄県,うるま市,303748014
472140,沖縄県,宮古島市,1268138000
472158,沖縄県,南城市,344802000
473014,沖縄県,国頭村,278970400
473022,沖縄県,大宜味村,291083500
473031,沖縄県,東村,110945000
473065,沖縄県,今帰仁村,435718609
473081,沖縄県,本部町,203276000
473111,沖縄県,恩納村,2913936182
473138,沖縄県,宜野座村,92097000
473146,沖縄県,金武町,204335800
473154,沖縄県,伊江村,29816300
473243,沖縄県,読谷村,572340200
473251,沖縄県,嘉手納町,88811000
473260,沖縄県,北谷町,129025300
473278,沖縄県,北中城村,177951930
473286,沖縄県,中城村,133841200
473294,沖縄県,西原町,28995954
473481,沖縄県,与那原町,112037160
473502,沖縄県,南風原町,426761800
473537,沖縄県,渡嘉敷村,7747000
473545,沖縄県,座間味村,1572832
473553,沖縄県,粟国村,690000
473561,沖縄県,渡名喜村,190000
473570,沖縄県,南大東村,485000
473588,沖縄県,北大東村,970000
473596,沖縄県,伊平屋村,4362000
473600,沖縄県,伊是名村,14692000
473618,沖縄県,久米島町,149797400
473626,沖縄県,八重瀬町,1060923700
473758,沖縄県,多良間村,14304000
473812,沖縄県,竹富町,382860844
473821,沖縄県,与那国町,11687879
